Region/country/area,Indicator,2010,2011,2012,2013,2014,2015,2016,2017,2018,2019,2020,2021,2022
World,RE share of electricity capacity (%),24.12,25.06,26.12,27.2,28.19,29.52,30.72,32.08,33.16,34.6,36.66,38.42,40.26
World,RE share of electricity generation (%),19.43,19.76,19.51,21.44,22.21,22.67,23.56,24.24,24.87,25.85,27.65,27.79,0
Africa,RE share of electricity capacity (%),19.2,18.85,18.76,18.99,19.45,20.01,20.03,21.1,21.61,21.71,22.51,22.94,23.61
Africa,RE share of electricity generation (%),17.78,17.51,17.21,17.74,18.07,17.98,18.17,18.8,19.86,20.66,22.31,22.74,0
Algeria,RE share of electricity capacity (%),2.1,2.09,1.86,1.59,1.59,1.82,2.83,3.21,3.09,2.8,2.63,2.28,2.26
Algeria,RE share of electricity generation (%),0.38,0.94,1.02,0.49,0.61,0.47,0.61,0.84,1.02,1.03,1.06,0.91,0
Angola,RE share of electricity capacity (%),66.97,59.15,51.23,44.19,43.63,42.57,55.86,56.7,59.52,61.74,63.9,63.9,65.55
Angola,RE share of electricity generation (%),63.92,66.25,55.29,38.45,45.06,44.4,50.56,64.42,69.76,71.87,73.7,73.7,0
Benin,RE share of electricity capacity (%),0.51,0.5,0.81,0.36,0.7,1.67,1.67,1.67,1.92,1.12,1.13,1.13,8.63
Benin,RE share of electricity generation (%),0,0,0.28,0,0.25,1.13,1.97,1.64,1.64,0.4,0.4,0.22,0
Botswana,RE share of electricity capacity (%),0.06,0.05,0.51,0.54,0.2,0.23,0.36,0.37,0.4,0.64,0.64,0.68,0.68
Botswana,RE share of electricity generation (%),0.04,0.06,0.29,0.25,0.12,0.11,0.19,0.18,0.17,0.18,0.26,0.24,0
Burkina Faso,RE share of electricity capacity (%),13.26,10.56,9.04,13.25,11.65,10.69,10.9,19.66,22.85,21.04,21,19.1,23.85
Burkina Faso,RE share of electricity generation (%),20.82,15.49,15.61,14.66,10.68,9.75,14.78,13.04,16.74,25.81,28.4,27.37,0
Burundi,RE share of electricity capacity (%),90.8,77.78,77.91,72.72,72.72,72.83,73.12,51.53,51.76,51.76,51.85,54.82,60.17
Burundi,RE share of electricity generation (%),88.46,91.76,98.12,88.12,85.44,86.11,88.3,84.06,82.35,77.42,70.28,61.3,0
Cabo Verde,RE share of electricity capacity (%),7.33,18.42,21.03,23.26,23.35,18.65,18.89,18.91,20.05,20.07,20.06,20.06,20.06
Cabo Verde,RE share of electricity generation (%),1.21,7.04,19.01,21.28,22.21,20.27,18.6,17.64,20.8,18.66,16.82,18.27,0
Cameroon,RE share of electricity capacity (%),71.83,73.15,66.51,57.74,57.81,55.53,55.59,51.34,51.43,53.97,53.97,53.92,53.92
Cameroon,RE share of electricity generation (%),88.31,87.98,85.93,80.89,80.49,77.75,77.76,79.26,79.27,79.27,79.27,79.27,0
Central African Republic,RE share of electricity capacity (%),49.93,50.07,50.2,50.2,46.54,46.54,46.54,46.54,46.54,46.56,46.56,21.02,21.02
Central African Republic,RE share of electricity generation (%),99.82,99.82,99.82,99.82,99.84,99.72,95.63,96.47,96.47,96.47,96.47,96.47,0
Chad,RE share of electricity capacity (%),1.12,1.12,0.71,0.72,0.72,0.76,1.15,1.15,1.15,1.15,1.34,1.34,1.34
Chad,RE share of electricity generation (%),6.86,6.61,6.72,6.86,6.97,2.8,5.35,5.39,5.46,5.46,5.57,5.59,0
Comoros,RE share of electricity capacity (%),6.28,6.28,6.28,6.28,6.28,6.28,6.28,6.28,6.28,6.28,6.28,6.28,20.14
Comoros,RE share of electricity generation (%),7.29,8.01,7.89,8.18,8.7,0,0,0,0,0,0,0,0
Democratic Republic of the Congo,RE share of electricity capacity (%),98.86,98.47,98.98,98.9,98.9,98.87,98.87,98.88,98.95,98.95,98.95,98.95,98.95
Democratic Republic of the Congo,RE share of electricity generation (%),99.9,99.9,99.51,99.9,99.9,98.17,99.31,99.16,98.92,99.13,99.07,99.04,0
Congo,RE share of electricity capacity (%),16.88,16.88,32.69,32.7,32.7,32.7,33.38,34.64,34.64,34.64,27.53,27.53,27.53
Congo,RE share of electricity generation (%),57.3,62.1,58.82,54.19,48.41,43.97,41.42,42.81,40.64,40.66,40.66,40.66,0
Cote d'Ivoire,RE share of electricity capacity (%),42.59,42.59,41.51,38.84,36.16,33.3,31.33,39.91,39.94,39.46,39.52,38.86,36
Cote d'Ivoire,RE share of electricity generation (%),27.61,29.58,25.9,21.32,23.44,15.86,15.16,20.57,29.61,24.69,23.15,18.72,0
Djibouti,RE share of electricity capacity (%),0,0,0.23,0.23,0.23,0.23,0.28,0.29,0.29,0.29,0.29,14.2,14.2
Djibouti,RE share of electricity generation (%),0,0,0.13,0.12,0.5,0.28,0.68,1.01,1.08,0.66,0.48,35.35,0
Egypt,RE share of electricity capacity (%),12.42,11.63,10.99,10.58,10.58,10.36,9.45,8.41,8.6,9.74,10.03,10.5,10.59
Egypt,RE share of electricity generation (%),9.56,9.36,9.26,8.76,8.41,8.31,8.64,8.41,8.09,8.98,12.13,12.33,0
Equatorial Guinea,RE share of electricity capacity (%),7.02,7.02,36.11,36.11,36.11,36.11,33.81,31.79,31.76,31.75,31.75,31.73,31.73
Equatorial Guinea,RE share of electricity generation (%),2.3,2.3,8.1,14.32,14.32,14.32,13.12,12.12,11.97,11.97,11.97,11.95,0
Eritrea,RE share of electricity capacity (%),0.59,0.59,0.61,0.61,5.88,5.18,5.83,5.61,5.69,5.69,5.68,5.34,5.34
Eritrea,RE share of electricity generation (%),0.65,0.6,0.57,0.57,4.23,4.05,4.39,5.24,5.34,5.34,5.34,5.01,0
Eswatini,RE share of electricity capacity (%),92.62,94.94,94.95,94.95,94.47,94.47,94.47,94.47,94.47,94.47,94.47,94.76,94.76
Eswatini,RE share of electricity generation (%),99.76,99.78,99.78,99.76,99.78,99.77,99.7,99.67,99.74,99.76,100,99.78,0
Ethiopia,RE share of electricity capacity (%),93.65,91.67,91.67,92.13,92.15,94.82,96.39,97.78,98.08,97.72,97.84,97.86,98.17
Ethiopia,RE share of electricity generation (%),99.38,99.42,99.84,99.91,99.96,99.97,99.99,99.99,100,100,100,100,0
Gabon,RE share of electricity capacity (%),42.96,42.64,37.81,54.74,55.2,55.15,52.86,53.43,54.26,54.26,54.29,54.29,54.29
Gabon,RE share of electricity generation (%),51.8,45.73,46.24,49.44,44.79,48.2,41.57,48.93,53.94,53.94,53.95,53.95,0
Gambia,RE share of electricity capacity (%),2.54,2.64,3.95,3.26,3.51,3.57,3.58,3.58,3.22,3.68,3.68,3.14,3.24
Gambia,RE share of electricity generation (%),1.23,1.89,2.02,2.13,2.01,1.62,1.43,1.43,1.43,1.63,1.63,1.6,0
Ghana,RE share of electricity capacity (%),59.58,54.15,49.35,56.62,56.72,57.18,46.21,41.31,40.79,32.23,31.67,31.71,31.71
Ghana,RE share of electricity generation (%),68.86,67.55,67.16,64.04,64.8,51.02,43.07,40.27,37.39,40.3,36.58,34.8,0
Guinea,RE share of electricity capacity (%),50.95,62.53,60.17,38.05,38.05,61.05,62.05,60.34,60.74,62.49,61.61,65.95,65.94
Guinea,RE share of electricity generation (%),77.4,75.95,67.73,74.1,60.3,78.87,67.95,69.3,63.29,63.89,61.84,88.13,0
Guinea-Bissau,RE share of electricity capacity (%),0,0,0,0,0,1.1,1.1,1.1,4.01,4.01,4.01,4.01,4.01
Guinea-Bissau,RE share of electricity generation (%),0,0,0,0,0,1.93,1.99,1.99,7.08,7.08,7.08,7.08,0
Kenya,RE share of electricity capacity (%),68.07,64.23,65.39,65.38,65.43,65.41,66.24,67.65,71.9,72.14,75.35,76.63,77.8
Kenya,RE share of electricity generation (%),62.74,68.18,71.13,72.28,75.17,83.31,82.43,79.18,83.56,89.56,91.39,88.13,0
Lesotho,RE share of electricity capacity (%),99.32,99.32,99.34,99.33,99.33,99.33,99.33,99.33,99.33,99.33,99.33,99.15,99.15
Lesotho,RE share of electricity generation (%),99.92,99.92,99.92,99.93,99.93,99.93,99.93,99.88,99.88,99.87,99.88,99.79,0
Liberia,RE share of electricity capacity (%),5.21,5.02,5.05,4.98,5.07,5.09,21.62,49.34,49.39,49.39,49.39,49.39,49.39
Liberia,RE share of electricity generation (%),22.2,21.52,21.55,21.27,21.55,21.57,20.73,57.38,57.42,57.42,57.42,57.42,0
Libya,RE share of electricity capacity (%),0.04,0.05,0.06,0.05,0.05,0.05,0.05,0.05,0.05,0.05,0.05,0.06,0.06
Libya,RE share of electricity generation (%),0.02,0.03,0.02,0.02,0.02,0.02,0.02,0.02,0.02,0.02,0.03,0.02,0
Madagascar,RE share of electricity capacity (%),25.62,25.71,30.31,30.65,24.88,25.19,25.42,23.6,24.08,24.11,24.09,24.09,24.09
Madagascar,RE share of electricity generation (%),60.52,55.33,56.76,55.22,58.36,61.79,55.07,47.75,56.06,50.08,47.11,42.83,0
Malawi,RE share of electricity capacity (%),92.38,92.19,92.21,93.45,93.49,93.77,91.83,81.32,77.62,78.11,78.11,80.65,80.65
Malawi,RE share of electricity generation (%),98.94,98.71,98.71,98.81,98.85,99.1,96.82,84.49,80.15,79.25,79.28,80.06,0
Mali,RE share of electricity capacity (%),56.02,50.17,50.16,51.76,50.97,50.74,46.76,44.69,44.67,44.73,47.86,47.86,55.18
Mali,RE share of electricity generation (%),63.62,62.83,68,74.04,69.37,65.93,64.49,61.26,61.25,61.27,62.29,62.29,0
Mauritania,RE share of electricity capacity (%),0,0,0,9.05,8.8,11.27,14.32,14.32,21.23,20.78,20.78,19.46,19.65
Mauritania,RE share of electricity generation (%),0,0,0,4.82,5.1,13.42,15.72,13.91,19.21,19.79,18.91,19.36,0
Mauritius,RE share of electricity capacity (%),21.1,20.29,18.35,18.73,18.96,21.67,22.66,21.52,27.02,29.03,29.68,29.84,29.84
Mauritius,RE share of electricity generation (%),21.49,20.07,20.29,20.63,20.34,22.76,21.88,20.15,20.88,21.89,24.08,21.63,0
Mayotte,RE share of electricity capacity (%),9.66,13.76,14.35,14.4,14.51,14.28,11.86,13.27,13.71,14.52,15.79,23.28,23.28
Mayotte,RE share of electricity generation (%),2.37,5.29,5.39,5.17,4.95,4.7,4.55,5.14,4.96,7.14,7.83,12.08,0
Morocco,RE share of electricity capacity (%),24.54,24.95,23.79,24.95,26.73,28.2,28.9,28.68,29.82,30.54,33.03,33.06,34.28
Morocco,RE share of electricity generation (%),18.14,11.23,9.17,15.62,12.94,14.87,15.26,14.76,18.98,18.86,18.18,18.93,0
Mozambique,RE share of electricity capacity (%),98.03,98.03,98.04,98.04,97.5,90.55,78.56,81.83,78.75,79.05,79.09,79.11,79.42
Mozambique,RE share of electricity generation (%),99.89,99.87,99.84,99.8,99.8,99.68,95.74,80.9,82.6,84.08,84.85,84.52,0
Namibia,RE share of electricity capacity (%),61.13,58.07,65.62,65.85,62.42,62.72,67.66,69.98,71.12,73.33,73.48,73.48,74.41
Namibia,RE share of electricity generation (%),94.79,96.24,95.09,95.72,92.18,90.53,90.06,91.46,90.88,90.86,91.39,90.73,0
Niger,RE share of electricity capacity (%),1.14,1.31,1.53,1.91,2.28,2.66,3.02,2.62,7.44,7.12,7.12,7.12,12.15
Niger,RE share of electricity generation (%),1.13,1.49,1.41,1.61,1.75,1.87,2.12,2.42,8.1,8.1,8.1,8.1,0
Nigeria,RE share of electricity capacity (%),24.34,23.3,23.3,21.18,20.06,20.11,17.03,17.02,16.44,16.47,16.51,16.67,16.69
Nigeria,RE share of electricity generation (%),26.74,19.87,18.77,20.69,19.77,20.08,28.54,24.58,22.96,25.34,22.57,25.34,0
Réunion,RE share of electricity capacity (%),39.68,43.03,42.6,40.17,43.92,45.31,45.45,45.55,48.23,48.72,49.2,50.19,50.19
Réunion,RE share of electricity generation (%),33.76,30.25,34.62,37.77,32.96,36.1,34.12,32.39,36.45,31.25,24.64,28.2,0
Rwanda,RE share of electricity capacity (%),48.56,51.21,51.68,53.45,58.96,51.63,49.31,50.35,51.4,54.19,55.92,55.92,50.17
Rwanda,RE share of electricity generation (%),53.51,53.65,56.53,48.48,53.39,60.65,48.9,47.89,48.22,52.02,60.6,58.25,0
Sao Tome and Principe,RE share of electricity capacity (%),13.52,11.56,11.56,11.56,10.27,8.16,6.99,7.59,7.59,7.42,7.39,6.98,6.98
Sao Tome and Principe,RE share of electricity generation (%),91.63,91.07,91.69,91.68,9.41,6.53,5.61,4.93,5.56,5.71,5.84,6.06,0
Senegal,RE share of electricity capacity (%),5.05,5.29,5.42,5.39,5.56,5.55,8.22,16,15.17,20.72,26.91,30.4,29.07
Senegal,RE share of electricity generation (%),1.87,2.09,1.94,1.92,2.02,2.33,2.33,4.71,8.5,9.04,8.73,12.54,0
Seychelles,RE share of electricity capacity (%),0,0,0,6.93,7.62,7.84,7.11,7.64,8.98,8.5,10.84,15.46,18.7
Seychelles,RE share of electricity generation (%),0,0,0,2.02,2.25,2.23,2.26,2.29,2.74,2.3,2.96,4.51,0
Sierra Leone,RE share of electricity capacity (%),71.77,59.71,59.86,59.92,66.68,55.45,55.46,57.54,49.1,41.66,41.66,41.67,42.88
Sierra Leone,RE share of electricity generation (%),87.4,87.1,73.88,61.99,82.55,74.73,74.25,75.24,75.28,75.28,75.28,75.28,0
Somalia,RE share of electricity capacity (%),0,0,2.68,2.68,2.79,3.58,8.54,11.55,9.6,9.6,16.03,20.35,32.31
Somalia,RE share of electricity generation (%),0,0,1.12,1.09,1.13,1.46,3.37,4.63,4.7,4.7,8.22,11.21,0
South Africa,RE share of electricity capacity (%),2.31,2.3,2.3,3.31,5.77,7.18,9.31,12.27,14.34,14.21,16.12,16.75,16.96
South Africa,RE share of electricity generation (%),0.9,0.96,0.71,0.66,1.03,1.65,2.07,2.86,3.51,3.72,4.48,5.16,0
South Sudan,RE share of electricity capacity (%),0,0,0.2,0.2,0.2,0.2,0.53,0.34,0.56,0.51,0.51,0.77,7.79
South Sudan,RE share of electricity generation (%),0,0,0.05,0.05,0.05,0.04,0.14,0.12,0.19,0.23,0.23,0.35,0
Sudan,RE share of electricity capacity (%),44.47,44.5,46.32,46.43,46.46,46.48,46.09,46.24,47.39,47.65,48.17,48.43,49.16
Sudan,RE share of electricity generation (%),83.01,76.83,70.01,78.71,78.59,64.89,56.22,61.68,60.86,61.38,67.31,60.79,0
United Republic of Tanzania,RE share of electricity capacity (%),54.41,44.09,39.9,38.48,40.08,41.63,38.32,38.41,33.87,34.05,34.13,34.15,34.15
United Republic of Tanzania,RE share of electricity generation (%),54.52,46.5,43.62,39.37,49.51,35.44,36.26,36.1,33.43,34.68,42.76,42.78,0
Togo,RE share of electricity capacity (%),27.87,27.87,27.88,27.88,27.88,27.9,27.9,28.17,28.92,29.49,29.98,36.09,36.09
Togo,RE share of electricity generation (%),49.15,62.96,45.07,23.79,62.11,14.76,23.61,32.24,22.6,23.68,14.91,20.66,0
Tunisia,RE share of electricity capacity (%),3.08,2.81,5.62,5.98,6.23,6.62,6.49,6.52,7.28,7.16,6.73,6.73,7.72
Tunisia,RE share of electricity generation (%),1.17,1.02,1.75,2.37,3.09,2.88,2.97,2.67,2.79,3.23,3.16,2.9,0
Uganda,RE share of electricity capacity (%),73.17,73.23,83.78,88.23,84.98,85.18,85.22,85.79,89.84,91.98,92.2,92.22,92.36
Uganda,RE share of electricity generation (%),58.41,63.49,90.62,99.95,97.41,97.47,98.17,93.87,94.42,97.66,98.71,97.84,0
Zambia,RE share of electricity capacity (%),95.72,95.72,95.73,97.03,94.22,93.08,83.84,82.2,82.35,82.9,82.9,84.45,86.32
Zambia,RE share of electricity generation (%),99.87,99.82,99.85,99.85,97.17,97.01,94.3,86.33,84.64,82.81,85.47,92.02,0
Zimbabwe,RE share of electricity capacity (%),41.21,41.53,41.56,41.73,41.75,42.17,42.28,42.43,49.75,49.81,49.86,50.15,49.4
Zimbabwe,RE share of electricity generation (%),68.36,58.04,61.21,56.61,56.51,55.09,42.48,53.06,61.73,61.19,62.08,71.26,0
Asia,RE share of electricity capacity (%),20.94,21.7,22.5,24.22,25.75,27.17,28.62,30.37,31.69,33.07,35.76,37.69,39.82
Asia,RE share of electricity generation (%),15.58,15.08,17.03,17.3,19,19.72,20.55,21.19,21.69,22.7,23.94,24.68,0
Afghanistan,RE share of electricity capacity (%),58.78,51.47,55.1,55.37,55.79,56.12,59.61,61.1,61.07,57.92,57.88,58.35,64.02
Afghanistan,RE share of electricity generation (%),81.75,74.4,79.8,81.01,85.46,87.58,87.73,86.86,82.82,87.97,87.12,79.48,0
Bangladesh,RE share of electricity capacity (%),3.11,3.12,3.21,3.31,3.22,3.11,2.65,2.91,2.45,2.41,2.46,3.1,3.15
Bangladesh,RE share of electricity generation (%),2.14,2.23,2.14,1.94,1.66,1.96,2,1.96,1.65,1.49,1.47,1.81,0
Bhutan,RE share of electricity capacity (%),99.39,99.39,99.39,99.28,99.28,99.34,99.5,99.45,99.45,99.71,99.64,99.65,99.65
Bhutan,RE share of electricity generation (%),100,100,100,99.99,100,100,100,100,100,100,100,100,0
Brunei Darussalam,RE share of electricity capacity (%),0.13,0.13,0.13,0.13,0.13,0.13,0.13,0.12,0.12,0.12,0.12,0.4,0.4
Brunei Darussalam,RE share of electricity generation (%),0.02,0.04,0.04,0.04,0.04,0.03,0.03,0.04,0.04,0.02,0.02,0.03,0
Cambodia,RE share of electricity capacity (%),5.94,38.2,44.32,61.08,63.54,57.98,57.21,55.26,63.31,60.63,55.88,57.46,52.45
Cambodia,RE share of electricity generation (%),4.22,6.77,37.56,58.14,61.54,49.53,48.21,42.4,59.25,48.86,49.43,58.95,0
China,RE share of electricity capacity (%),24.18,25.19,26.27,28.54,30.3,31.7,33.11,35.23,36.58,37.74,40.84,42.91,45.26
China,RE share of electricity generation (%),18.54,16.61,19.94,19.99,22.47,23.75,24.78,24.96,25.27,26.46,27.63,28.18,0
"China, Hong Kong SAR",RE share of electricity capacity (%),0,0,0,0,0,0,0.16,0.44,0.45,1.37,1.36,1.37,2.26
"China, Hong Kong SAR",RE share of electricity generation (%),0.21,0.23,0.22,0.2,0.23,0.21,0.38,0.39,0.4,0.43,0.55,0.84,0
Chinese Taipei,RE share of electricity capacity (%),5.91,6.33,6.78,7.18,7.75,8.25,8.9,10.03,11.28,13.33,15.99,18.63,22.3
Chinese Taipei,RE share of electricity generation (%),2.86,2.93,3.62,3.66,3.18,3.4,4.18,3.96,3.94,4.9,4.78,5.37,0
India,RE share of electricity capacity (%),25.17,24.54,23.28,22.54,22.88,22.72,24.77,27.11,28.13,29.02,29.87,31.35,33.49
India,RE share of electricity generation (%),15.23,15.89,16.45,15.63,16.58,15.24,14.01,14.63,15.65,17.03,18.44,18.89,0
Indonesia,RE share of electricity capacity (%),19.09,17.07,15.86,15.67,15.35,15.66,15.5,15.19,15.09,14.78,14.43,15.47,15.03
Indonesia,RE share of electricity generation (%),19.54,15.9,14.92,15.8,14.52,13.84,15.41,16.27,16.98,16.14,18.03,18.1,0
Japan,RE share of electricity capacity (%),12.5,12.75,13.14,15.14,17.69,20.83,22.49,24.51,26.15,28.64,30.33,32.02,33.74
Japan,RE share of electricity generation (%),9.09,9.89,9.43,10.36,12.04,13.79,14.12,15.52,16.36,17.83,19.42,20.14,0
Kazakhstan,RE share of electricity capacity (%),11.65,11.43,12.6,12.66,13.11,13.17,12.93,13.11,13.69,15.63,17.72,18.9,20.66
Kazakhstan,RE share of electricity generation (%),9.71,9.12,8.19,7.5,8.74,10.35,12.7,11.33,10.27,10.62,12.54,11,0
Democratic People's Republic of Korea,RE share of electricity capacity (%),56.81,57.24,59.02,59.17,59.25,60.27,61.52,61.84,58.97,58.99,59.36,59.41,59.41
Democratic People's Republic of Korea,RE share of electricity generation (%),56.54,62.56,62.8,62.57,61.37,52.71,53.64,50.73,51.5,46.34,53.44,63.24,0
Republic of Korea,RE share of electricity capacity (%),3.33,3.9,4.18,4.73,5.85,7.18,8.63,9.6,11.35,14.38,17.34,19.05,20.79
Republic of Korea,RE share of electricity generation (%),1.24,1.44,1.41,1.62,1.55,1.93,2.84,3.29,3.9,4.71,5.83,6.14,0
Kyrgyzstan,RE share of electricity capacity (%),79.4,79.43,79.4,81.76,82.31,85.32,85.32,85.36,85.31,85.31,85.32,75.05,75.05
Kyrgyzstan,RE share of electricity generation (%),91.9,93.35,93.48,93.52,91.38,85.22,87.65,91.91,91.04,91.69,90.75,85.59,0
Lao People's Democratic Republic,RE share of electricity capacity (%),100,100,100,100,100,77.67,74.89,75.82,77.07,79.43,83.17,84.39,85.34
Lao People's Democratic Republic,RE share of electricity generation (%),100,100,100,100,100,100,98.85,97.66,97.16,68.21,67.74,69.32,0
Malaysia,RE share of electricity capacity (%),10.4,13.66,14.65,18.75,21.64,24.18,25.71,22.19,22.62,21.92,23.21,23,23.29
Malaysia,RE share of electricity generation (%),6.42,6.89,8.09,9.29,10.11,11.44,13.5,17.44,16.87,16.47,17.84,17.84,0
Maldives,RE share of electricity capacity (%),1.1,1.12,1.9,2.19,3.62,4.22,3.99,5.39,3.27,4.04,5.09,5.78,6.61
Maldives,RE share of electricity generation (%),0.47,0.46,0.7,0.83,1.36,1.51,2.18,2.83,3.87,4.42,5.58,5.82,0
Mongolia,RE share of electricity capacity (%),3.54,3.54,3.69,7.37,7.37,7.36,8.32,13.92,18.43,19.4,18.44,17.96,17.96
Mongolia,RE share of electricity generation (%),1.04,1.43,1.34,2.39,3.75,3.95,4.36,4.42,7.23,9.47,9.23,10.27,0
Myanmar,RE share of electricity capacity (%),72.24,74.89,75.46,72.56,68.95,65.67,65.62,59.06,54.87,53.6,45.27,45.24,44.61
Myanmar,RE share of electricity generation (%),72.37,72.72,71.35,77.1,66.41,62.08,60.39,60.88,61.21,51.55,43.49,46.4,0
Nepal,RE share of electricity capacity (%),92.99,93.09,93.14,93.44,93.57,93.98,94.12,94.93,95.46,95.88,96.27,97.52,97.77
Nepal,RE share of electricity generation (%),99.74,99.93,99.72,99.61,99.85,99.98,100,100,100,100,100,100,0
Pakistan,RE share of electricity capacity (%),31.77,29.63,29.76,31.01,31.57,31.59,33.54,29.13,32.76,31.36,31.74,31.36,31.15
Pakistan,RE share of electricity generation (%),31.12,31.36,31.02,32.33,32.19,32.48,31.66,28.01,27.04,30.83,32.11,29.8,0
Philippines,RE share of electricity capacity (%),29.37,28.91,28.97,27.16,28.51,29.09,28.22,28.04,27.59,26.36,26.5,26.51,26.36
Philippines,RE share of electricity generation (%),25.65,28.4,28.02,25.87,24.84,24.63,23.5,23.89,22.74,20.23,20.65,21.91,0
Singapore,RE share of electricity capacity (%),1.32,1.34,1.26,1.38,1.62,1.87,2.28,2.4,2.79,3.81,4.42,5.69,6.82
Singapore,RE share of electricity generation (%),3.35,3.37,3.37,3.85,4.04,4.19,4.6,4.29,4.14,4.2,4.11,4.06,0
Sri Lanka,RE share of electricity capacity (%),50.88,46.53,49.88,52.33,45.31,47.35,48.74,49.96,51.86,51.68,53.04,57.73,58.92
Sri Lanka,RE share of electricity generation (%),53.43,41.2,29.47,60.32,53.14,48.75,32.89,30.84,45.37,34.82,36.75,51.29,0
Tajikistan,RE share of electricity capacity (%),93.79,93.8,93.8,93.8,92.33,92.33,87.53,87.53,87.77,88.02,88.02,88.02,88.02
Tajikistan,RE share of electricity generation (%),99.59,99.51,99.27,99.49,98.08,97.97,96.33,94.43,93.23,92.77,92.77,92.77,0
Thailand,RE share of electricity capacity (%),15.22,15.86,17.08,19.79,20.64,21.18,21.76,20.66,21.82,22.29,22.12,22.1,21.09
Thailand,RE share of electricity generation (%),5.63,11.99,11.6,11.32,11.95,12.19,20.45,19.36,22.71,23.89,17.69,18.75,0
Timor-Leste,RE share of electricity capacity (%),0.99,0.47,0.56,0.33,0.32,0.31,0.29,0.2,0.2,0.2,0.2,0.2,0.23
Timor-Leste,RE share of electricity generation (%),0.9,1.15,1.55,0.84,0.7,0.62,0.53,0.41,0.39,0.34,0.37,0.41,0
Turkmenistan,RE share of electricity capacity (%),0.03,0.03,0.03,0.03,0.03,0.02,0.02,0.02,0.02,0.02,0.02,0.03,0.03
Turkmenistan,RE share of electricity generation (%),0.02,0.02,0.02,0.02,0.01,0.01,0.01,0.01,0.01,0.01,0.01,0.01,0
Uzbekistan,RE share of electricity capacity (%),14.28,14.25,14.48,13.91,14.36,14.24,13.35,12.95,13.52,11.99,12.16,12.99,13.81
Uzbekistan,RE share of electricity generation (%),16.54,16.1,16.4,15.97,15.97,15.97,13.9,13.49,10.05,11.24,9.48,7.74,0
Viet Nam,RE share of electricity capacity (%),34.21,36.65,43.65,45.71,45.52,42.67,42.81,41.66,41.18,47.68,55.78,56.14,57.15
Viet Nam,RE share of electricity generation (%),39.8,41.89,48.89,46.88,43.67,36.57,37.15,46.33,40.9,32.07,36.39,42.79,0
Central America and the Caribbean,RE share of electricity capacity (%),22.85,24.15,25.97,25.71,27.06,29.9,32.23,33.75,34.85,36.51,36.91,38.19,38.72
Central America and the Caribbean,RE share of electricity generation (%),25.04,24.53,26.41,26.79,26.63,27.86,29.17,33.61,34.4,31.3,35.87,38.03,0
Anguilla,RE share of electricity capacity (%),0,0,0.23,0.23,4.14,4.14,7.73,7.73,4.69,6.08,6.08,6.08,6.08
Anguilla,RE share of electricity generation (%),0,0,0.09,0.12,1,1.6,2.37,2.31,1.99,2.47,2.47,2.47,0
Antigua and Barbuda,RE share of electricity capacity (%),0.18,0.35,0.35,0.34,0.34,2.78,4.15,5.06,10.7,9.8,14.64,16.62,16.62
Antigua and Barbuda,RE share of electricity generation (%),0.05,0.14,0.14,0.19,0.19,1.55,1.56,1.85,2.83,3.69,4.95,5.66,0
Aruba,RE share of electricity capacity (%),12.75,12.82,10.99,11.17,12.81,13.17,13.17,13.17,15.48,15.03,15.03,15.03,17.43
Aruba,RE share of electricity generation (%),11.3,12.1,14.8,16.3,17.6,18.9,15.73,14.7,14.65,15.02,14.8,14.8,0
Bahamas,RE share of electricity capacity (%),0.05,0.11,0.13,0.19,0.28,0.33,0.34,0.33,0.33,0.37,0.36,0.8,0.99
Bahamas,RE share of electricity generation (%),0.02,0.07,0.09,0.11,0.18,0.19,0.21,0.22,0.22,0.26,0.31,0.48,0
Barbados,RE share of electricity capacity (%),0.51,0.63,0.75,0.23,0.65,1.17,5.36,5.86,6.14,11.17,15.69,19.48,19.06
Barbados,RE share of electricity generation (%),0.15,0.25,0.3,0.43,0.98,1.34,1.33,2.31,2.3,3.41,5.44,7.33,0
Belize,RE share of electricity capacity (%),41.48,41.48,41.66,41.66,41.67,41.67,41.67,44.47,49.24,51.74,51.74,51.74,51.74
Belize,RE share of electricity generation (%),89.73,90.92,87.25,90.4,90.08,87.09,86.45,86.69,79.67,60.18,94.29,92.86,0
"Bonaire, Sint Eustatius and Saba",RE share of electricity capacity (%),28.46,28.46,28.46,29.16,29.16,29.71,32.45,35.96,37.6,38.97,32.55,32.55,32.55
"Bonaire, Sint Eustatius and Saba",RE share of electricity generation (%),4.72,24.69,28.58,31.56,34.33,31.62,31.15,25.9,33.04,28.43,22.74,24.14,0
British Virgin Islands,RE share of electricity capacity (%),0.97,0.97,0.97,0.97,0.97,2.36,2.65,1.97,1.98,2.4,2.66,2.66,2.66
British Virgin Islands,RE share of electricity generation (%),0.65,0.67,0.65,0.65,0.64,0.89,1.19,1.57,1.71,1.93,2.26,2.26,0
Cayman Islands,RE share of electricity capacity (%),0,0,0,0,0,0,1.55,4.78,5.37,5.97,6.8,7.27,7.1
Cayman Islands,RE share of electricity generation (%),0,0,0,0,0,0,0.31,1.29,2.14,2.28,2.69,2.94,0
Costa Rica,RE share of electricity capacity (%),72.26,76.9,77.53,78.24,79.42,80.69,83.62,83.91,84.35,86.9,86.82,88.2,89.18
Costa Rica,RE share of electricity generation (%),93.26,91.16,91.77,88.21,89.71,98.99,98.22,99.67,98.61,99.16,99.8,99.98,0
Cuba,RE share of electricity capacity (%),10.55,10.47,10.4,9.13,9.6,9.95,9.45,10.44,11.38,16.62,18.75,18.88,18.87
Cuba,RE share of electricity generation (%),3.22,3.22,3.71,4.43,4.02,3.95,3.96,3.83,3.63,4.25,4.83,5.12,0
Curacao,RE share of electricity capacity (%),7.36,7.36,16.6,17.95,19.95,17.67,18.03,25.88,26.15,22.25,22.63,22.63,22.63
Curacao,RE share of electricity generation (%),7.26,7,9.11,17.36,20.48,16.25,14.32,19.94,28.32,27.11,24.55,19.47,0
Dominica,RE share of electricity capacity (%),26.1,26.1,26.13,26.13,26.13,26.13,27.2,27.2,26.36,26.36,24.99,24.99,16.01
Dominica,RE share of electricity generation (%),24.04,36.29,27.02,37.05,30.56,23.52,33.1,32.45,37.71,22.27,20.38,20.28,0
Dominican Republic,RE share of electricity capacity (%),11.21,11.68,13.47,13.59,13.61,14.35,16.81,17.63,20.54,25.28,26.28,28.3,31.31
Dominican Republic,RE share of electricity generation (%),10.38,10.45,11.86,12.71,9.63,7.78,11.27,15.29,13.98,12.37,15.56,16.96,0
El Salvador,RE share of electricity capacity (%),53.15,52.25,55.13,51.84,52.15,54.56,56.02,60.28,62.22,66.92,67.45,68.48,59.47
El Salvador,RE share of electricity generation (%),65.65,63.53,60.62,60.79,60.17,58.39,58.06,74.79,77.91,71.51,84.78,86.01,0
Grenada,RE share of electricity capacity (%),0.49,0.66,0.74,1.12,1.47,2.07,4.15,4.32,4.8,5.82,6.57,6.25,6.25
Grenada,RE share of electricity generation (%),0.25,0.33,0.37,0.54,0.58,0.75,1.16,1.47,1.54,1.63,1.97,1.97,0
Guadeloupe,RE share of electricity capacity (%),24.37,23.57,28.96,29.06,28.2,25.83,26.09,28.08,30.47,32.34,37.34,38.57,38.57
Guadeloupe,RE share of electricity generation (%),8.65,12.06,15.59,17.45,18.45,17.84,17.59,20.53,21.39,22.16,23.45,33.84,0
Guatemala,RE share of electricity capacity (%),53.45,53.13,55.22,55.52,57.7,58.4,61.76,65.91,69.53,69.75,69.69,70.65,70.69
Guatemala,RE share of electricity generation (%),63.73,62.76,66.54,67.48,68.29,61.92,62.85,71.37,65.08,62.77,76.9,73.31,0
Haiti,RE share of electricity capacity (%),14.46,13.44,13.4,12.65,12.69,12.75,12.8,12.86,16.77,16.78,16.77,16.79,16.79
Haiti,RE share of electricity generation (%),30.21,12.51,20.22,13.55,8.93,8.26,6.84,12.37,19.2,19.2,18.2,18.22,0
Honduras,RE share of electricity capacity (%),38.28,42.01,43.51,44.29,48.21,59.5,59.92,61.31,62.01,62.97,64.67,64.87,63.85
Honduras,RE share of electricity generation (%),47.88,44.44,44.96,41.88,39.02,43.92,48.04,54.87,63.21,54.88,56.55,62.69,0
Jamaica,RE share of electricity capacity (%),10.83,10.62,9.93,10.63,10.81,10.78,15.92,17.83,17.48,17.26,15.67,15.58,15.58
Jamaica,RE share of electricity generation (%),5.45,6.57,6.93,6.56,7.09,6.94,8.34,11.67,12.36,12.08,13.13,12.76,0
Martinique,RE share of electricity capacity (%),7.13,11.2,13.84,11.88,13.38,14.03,14.29,14.6,20.84,23.76,24.08,24.24,25.02
Martinique,RE share of electricity generation (%),2.7,3.42,6.26,5.8,6.87,6.97,7.03,5.78,11.6,24.65,23.31,25.96,0
Montserrat,RE share of electricity capacity (%),0,0,0,0,0,0,0,0,0,3.48,3.48,12.59,12.59
Montserrat,RE share of electricity generation (%),0,0,0,0,0,0,0,0,0,0,3.2,10.29,0
Nicaragua,RE share of electricity capacity (%),35.2,34.06,42.78,43.08,44.85,45.57,47.42,45.52,45.52,45.21,45.21,45.4,45.83
Nicaragua,RE share of electricity generation (%),36.98,33.99,42.86,52.41,54.29,50.06,52.41,55.98,58.89,56.9,69.89,69.3,0
Panama,RE share of electricity capacity (%),46.32,55.99,61.73,60.22,60.31,63.45,64.05,64.88,60.37,56.35,58.39,64.35,67.77
Panama,RE share of electricity generation (%),58.19,53.83,63.75,59.1,56.9,66.15,67.37,73,78.88,53.75,76.36,81.72,0
Puerto Rico,RE share of electricity capacity (%),1.91,2.16,4.39,4.91,4.98,7.19,7.77,8.71,8.75,9.03,9.73,11.28,13.31
Puerto Rico,RE share of electricity generation (%),0.41,0.72,0.64,1.6,1.95,2.47,2.7,3.36,2.65,3.73,4.01,4.58,0
Saint Barthelemy,RE share of electricity capacity (%),0,0,0,0,0,0,0.07,0.07,0.07,0.07,0.13,0.13,0.13
Saint Barthelemy,RE share of electricity generation (%),0,0,0,0,0,0,0.03,0.04,0.04,0.04,0.05,0.05,0
Saint Kitts and Nevis,RE share of electricity capacity (%),3.7,3.45,3.45,5.17,5.17,5.17,5.84,5.54,5.58,5.64,6.89,6.89,6.56
Saint Kitts and Nevis,RE share of electricity generation (%),2.58,2.49,3.61,3.91,4.7,4.51,4.65,3.67,3.63,3.5,4.41,4.52,0
Saint Lucia,RE share of electricity capacity (%),0.03,0.03,0.06,0.07,0.11,0.85,1.13,1.13,4.34,4.34,4.34,4.34,4.34
Saint Lucia,RE share of electricity generation (%),0.01,0.01,0.02,0.02,0.04,0.31,0.99,0.97,2.19,2.57,2.75,2.54,0
Saint Martin,RE share of electricity capacity (%),0,0,0,4.39,4.98,7.85,3.08,0.18,0.18,0.88,1.74,1.74,1.74
Saint Martin,RE share of electricity generation (%),0,0,0,1.15,1.33,2.11,1.41,0.09,0.01,0.27,0.68,0.81,0
Saint Vincent and the Grenadines,RE share of electricity capacity (%),14.18,11.13,10.62,11.45,12.41,15.07,15.21,16.99,18.14,21.54,17.28,17.24,16.73
Saint Vincent and the Grenadines,RE share of electricity generation (%),17.5,21.33,17.3,16.28,8.61,12.05,10.94,14.09,16.62,15.21,16.85,15.02,0
Trinidad and Tobago,RE share of electricity capacity (%),0.17,0.13,0.18,0.17,0.18,0.18,0.2,0.2,0.19,0.2,0.17,0.2,0.2
Trinidad and Tobago,RE share of electricity generation (%),0.05,0.05,0.07,0.07,0.06,0.06,0.06,0.06,0.07,0.07,0.07,0.07,0
Turks and Caicos Islands,RE share of electricity capacity (%),0,0,0,0,0,0.04,0.04,0.23,0.48,1.03,1.03,2.76,3.5
Turks and Caicos Islands,RE share of electricity generation (%),0,0,0,0,0,0.02,0.02,0.1,0.27,0.56,0.57,1.48,0
United States Virgin Islands,RE share of electricity capacity (%),0,0.15,0.18,0.3,1.57,2.85,2.86,2.06,2.97,2.97,2.97,2.97,2.97
United States Virgin Islands,RE share of electricity generation (%),0,0.09,0.11,0.21,1.06,1.96,1.98,1.43,2.42,2.38,2.27,2.5,0
Eurasia,RE share of electricity capacity (%),24.44,24.77,25.23,25.41,24.47,25.92,25.37,26.12,26.88,27.31,28.62,29.6,30.05
Eurasia,RE share of electricity generation (%),17.95,17.42,17.37,18.91,16.86,18.42,19.64,19.08,20.86,23.34,24.77,25.15,0
Armenia,RE share of electricity capacity (%),32.52,33.25,30.91,31.56,31.74,36.45,36.92,37.21,37.78,37.91,38.53,37.1,38.46
Armenia,RE share of electricity generation (%),39.48,33.56,28.81,28.24,25.76,28.33,32.17,29.26,30.03,31.37,23.67,30.54,0
Azerbaijan,RE share of electricity capacity (%),15.59,15.76,15.97,14.99,15.23,14.78,14.96,15.03,16.31,16.87,17,16.52,15.99
Azerbaijan,RE share of electricity generation (%),18.42,13.19,7.92,6.96,5.98,7.41,8.78,8.12,8.13,7.33,5.47,5.8,0
Georgia,RE share of electricity capacity (%),79.59,79.6,79.63,81.55,79.47,79.45,73.98,76.09,75.34,69.93,73.55,75.02,75.78
Georgia,RE share of electricity generation (%),93.21,78.11,74.46,82.23,80.37,78.04,80.69,80.64,82.59,76.05,74.74,81.22,0
Russian Federation,RE share of electricity capacity (%),21.39,21.41,21.27,21,19.8,20.51,19.46,19.47,19.54,19.75,20.23,20.59,20.68
Russian Federation,RE share of electricity generation (%),15.48,15.19,14.88,16.39,15.57,14.91,16.05,16.02,17.34,17.63,19.91,21.58,0
Türkiye,RE share of electricity capacity (%),35.07,36.07,38.87,39.91,40.19,43.09,43.88,45.48,47.69,48.64,51.3,53.27,53.88
Türkiye,RE share of electricity generation (%),26.38,25.33,27.24,28.83,20.89,31.96,32.89,29.35,32.08,43.52,41.85,35.42,0
Europe,RE share of electricity capacity (%),31.51,34.05,36.3,38.09,39.3,41.2,42.8,44.44,45.46,47.88,49.84,51.91,53.77
Europe,RE share of electricity generation (%),23.11,23.14,26.12,28.71,30.5,31.27,31.64,31.88,34.19,35.64,40.16,39.27,0
Albania,RE share of electricity capacity (%),100,100,94.38,94.79,94.63,94.83,95.13,95.37,95.49,95.69,96.13,96.31,96.32
Albania,RE share of electricity generation (%),99.99,98.59,100,100,100,100,100,100,100,100,100,100,0
Andorra,RE share of electricity capacity (%),100,100,100,100,100,100,96.24,96.8,96.84,96.89,96.95,97.02,97.02
Andorra,RE share of electricity generation (%),100,100,100,100,100,100,99.1,96.04,96.39,96.61,97.39,93.34,0
Austria,RE share of electricity capacity (%),75.79,73.81,71.96,72.07,73.45,74.66,76.68,78.64,79.48,80.2,80.31,80.75,82.17
Austria,RE share of electricity generation (%),63.26,62.16,70.7,73.86,76.69,72.87,74.78,71.58,72.95,73.6,76.39,74.56,0
Belarus,RE share of electricity capacity (%),0.35,0.41,0.61,0.8,0.79,0.98,2.21,2.95,3.82,4.05,4.77,4.33,5.44
Belarus,RE share of electricity generation (%),0.37,0.43,0.55,0.85,0.73,0.82,1.17,2.18,1.99,2.5,3.49,3.37,0
Belgium,RE share of electricity capacity (%),16.24,20.29,24.57,27.48,28.61,30.08,31.3,33.57,36.52,39.76,43.88,45.34,47.49
Belgium,RE share of electricity generation (%),7.01,9.2,12.67,14.05,16.84,20.74,16.66,18.25,22.91,20.81,26.23,22.62,0
Bosnia and Herzegovina,RE share of electricity capacity (%),43.62,43.65,43.67,42.8,43.02,43.12,40.81,40.62,41.63,42.2,42.49,43.53,44.14
Bosnia and Herzegovina,RE share of electricity generation (%),47.41,29.13,29.91,41.98,34.9,33.73,31.63,23.22,34.19,36.55,29.04,38.77,0
Bulgaria,RE share of electricity capacity (%),26.99,28.81,33.89,35.27,36.19,37.9,38.59,39.52,38.07,38.46,39.7,40.43,43.81
Bulgaria,RE share of electricity generation (%),12.35,7.66,11.09,15.78,15.56,17.8,15.56,13.44,20.03,16.9,18.32,21.67,0
Croatia,RE share of electricity capacity (%),54.04,54.65,55.45,57.61,58.51,56.91,57.62,58.66,59.51,65.12,69.81,71.62,72.41
Croatia,RE share of electricity generation (%),62.4,46.5,48.93,66.01,73.31,65.86,65.24,59.38,71.75,65.41,63.88,69.22,0
Cyprus,RE share of electricity capacity (%),0,0,10.04,11.31,12.83,13.88,14.3,15.55,16.11,17.68,21.06,24.47,28.66
Cyprus,RE share of electricity generation (%),1.37,3.62,5.45,7.63,7.3,8.81,8.69,8.7,9.43,10.01,12.3,15.13,0
Czechia,RE share of electricity capacity (%),16.94,18.18,19.48,19.43,19.02,19.27,19.16,19.21,19.15,19.85,20.75,21.64,23.12
Czechia,RE share of electricity generation (%),6.87,8.29,9.23,10.71,10.65,11.23,11.27,11.06,10.71,11.57,12.74,12.59,0
Denmark,RE share of electricity capacity (%),36.58,37.71,42.27,47.68,49.54,50.77,52.09,57.23,59.38,61.32,62.91,65.95,69.66
Denmark,RE share of electricity generation (%),31.98,40.25,48.33,45.96,55.88,65.43,60.22,70.26,68.36,78.17,81.61,78.96,0
Estonia,RE share of electricity capacity (%),9.31,11.83,15.1,17.81,18.51,20.73,23.55,24.2,21.59,26.06,30.27,42,45.13
Estonia,RE share of electricity generation (%),8.05,9.15,12.34,9.2,11.18,15.42,13.05,14.12,16.09,28.13,48.87,39.95,0
Faroe Islands,RE share of electricity capacity (%),34.48,34.48,41.39,43.73,48.02,46.36,46.34,46.34,44.81,40.38,35.96,35.89,35.89
Faroe Islands,RE share of electricity generation (%),28.9,39.08,37.93,38.43,50.82,60.1,49.94,51.12,48.84,40.43,38.69,38.08,0
Finland,RE share of electricity capacity (%),32.23,32.94,33.05,32.98,35.26,36.84,41.2,43.55,43.95,44.98,50.16,52.59,59.45
Finland,RE share of electricity generation (%),29.99,32.89,40.56,35.97,38.58,44.5,44.23,46.61,45.74,46.44,51.87,52.93,0
France,RE share of electricity capacity (%),25.55,27.49,28.57,29.92,31.35,32.54,33.84,36.09,37.56,39.35,40.86,42.56,44.63
France,RE share of electricity generation (%),13.47,11.52,14.88,17.07,16.42,15.85,17.55,16.48,19.53,19.83,23.53,22.04,0
Germany,RE share of electricity capacity (%),34.72,38.22,43.8,45.2,45.73,48.14,50.16,52.25,51.97,54.03,56.34,57.23,58.63
Germany,RE share of electricity generation (%),16.61,20.23,22.77,23.85,25.89,29.12,29.16,33.09,34.67,39.6,43.7,39.23,0
Greece,RE share of electricity capacity (%),31.06,33.41,37.01,40.69,42.39,42.96,43.96,44.71,46.06,48.46,52.52,60.13,59.18
Greece,RE share of electricity generation (%),18.35,13.7,16.64,25.11,24.13,28.63,27.36,24.97,30.32,33.1,36.38,40.46,0
Hungary,RE share of electricity capacity (%),9.59,9.22,7.7,8.9,11.81,12.47,11.97,13.77,17.55,22.89,28.24,33.69,33.63
Hungary,RE share of electricity generation (%),8.08,7.52,7.64,9.2,10.72,10.64,10.21,10.57,11.74,13.68,15.83,19.14,0
Iceland,RE share of electricity capacity (%),95.31,95.5,95.71,95.88,95.88,95.78,95.78,95.89,96.1,96.11,96.12,95.8,95.8
Iceland,RE share of electricity generation (%),99.99,99.99,99.98,99.97,99.98,99.98,99.98,99.99,99.99,99.99,99.98,99.99,0
Ireland,RE share of electricity capacity (%),19.73,21.58,23.15,25.06,27.99,28.51,31.07,34.65,36.83,40.69,42.17,43.25,44.64
Ireland,RE share of electricity generation (%),13.15,19.97,19.21,21.71,24.5,27.69,24.62,28.77,32.77,38.11,41.73,36.44,0
Italy,RE share of electricity capacity (%),27.68,34.36,37.5,39.24,40.68,43.1,44.84,45.63,46.14,46.7,47.68,48.53,49.18
Italy,RE share of electricity generation (%),25.48,27.42,30.82,38.65,43.13,38.49,37.28,35.12,39.5,39.43,41.68,40.25,0
Kosovo,RE share of electricity capacity (%),4.49,4.59,4.59,4.59,4.59,4.6,8.15,8.57,8.57,9.73,10.67,16.96,17.26
Kosovo,RE share of electricity generation (%),3.04,1.81,1.61,2.2,2.78,2.29,4.1,3.04,5.15,4.95,5.42,6.37,0
Latvia,RE share of electricity capacity (%),63.43,63.72,63.95,60.55,60.84,60.8,60.73,61.07,61.04,62.14,62.02,62.02,63.88
Latvia,RE share of electricity generation (%),54.86,50.49,66.63,56.92,54.53,50.18,54.18,72.52,52.02,49.58,63.75,63.59,0
Lithuania,RE share of electricity capacity (%),7.79,9.52,10.64,12.19,13.5,19.32,20.94,23.67,24.93,25.43,26.84,31.23,38.81
Lithuania,RE share of electricity generation (%),15.85,23.07,23.46,32.05,34.36,34.02,49.11,60.61,62.79,62.17,46.67,51.62,0
Luxembourg,RE share of electricity capacity (%),7.38,7.99,10.45,11.64,11.14,11.8,17.59,18.65,18.93,21.75,23.78,26.85,29.8
Luxembourg,RE share of electricity generation (%),5.84,6.61,8.07,12.81,13.41,15.57,20.8,26.86,31.06,41.75,43.7,44.77,0
Malta,RE share of electricity capacity (%),0.14,1.43,2.94,4.85,8.51,11.66,17.14,16.48,18.79,21.32,24.61,26.28,27.67
Malta,RE share of electricity generation (%),0.03,0.46,1.12,1.58,3.36,7.82,15.9,10.42,10.14,9.8,11.33,11.88,0
Republic of Moldova,RE share of electricity capacity (%),2.12,2.05,2.11,2.19,2.26,2.26,2.35,2.68,3.47,3.59,3.8,4.94,7.99
Republic of Moldova,RE share of electricity generation (%),6.74,6.22,4.68,11.35,9.37,6.76,5.89,9.97,9.48,9.96,8.43,9.46,0
Montenegro,RE share of electricity capacity (%),73.65,73.65,73.65,73.68,74.36,74.63,74.81,76.85,76.87,77.92,78.41,78.41,78.81
Montenegro,RE share of electricity generation (%),68.37,45.33,51.94,63.47,55.21,49.65,58.68,45.15,59.2,56.18,52.22,61.76,0
Netherlands,RE share of electricity capacity (%),11.36,11.38,11.64,13.69,14.69,16.97,21.02,23.46,28.1,33.84,43.99,49.94,54.87
Netherlands,RE share of electricity generation (%),9.39,10.81,12.09,11.91,11.27,12.42,12.83,14.88,16.54,18.78,26.56,33.14,0
North Macedonia,RE share of electricity capacity (%),33.82,33.94,35.11,36.05,38.77,40,39.47,39.85,40,40.19,42.61,42.66,42.66
North Macedonia,RE share of electricity generation (%),33.49,21.22,16.67,26.14,24.04,35.93,36.71,23.14,35.05,22.89,28.65,30.67,0
Norway,RE share of electricity capacity (%),95.43,95.45,95.42,95.54,95.67,95.69,96.98,97.02,97.12,97.22,97.37,97.77,98.21
Norway,RE share of electricity generation (%),95.42,95.58,97.25,97.27,97.16,96.9,97.39,97.32,97.26,97.17,97.97,98.82,0
Poland,RE share of electricity capacity (%),6.53,8.74,11.6,14.28,15.66,18.54,20.68,18.63,19.28,21.55,24.86,31.15,36.89
Poland,RE share of electricity generation (%),7.03,8.12,10.49,10.42,12.52,13.82,13.7,14.17,12.73,15.54,17.88,17.03,0
Portugal,RE share of electricity capacity (%),50.74,52.94,55.48,58.96,60.51,61.93,64.08,64.69,64.92,65.43,65.61,70.62,72.05
Portugal,RE share of electricity generation (%),52.42,45.97,41.56,57.04,59.77,46.49,53.56,37.98,49.3,51.56,56.71,61.87,0
Romania,RE share of electricity capacity (%),34.3,36.34,38.58,44.22,46.91,47.27,47.56,47.5,47.65,53.73,54.32,59.51,60.29
Romania,RE share of electricity generation (%),33.29,26.22,25.28,34.22,41.3,39.52,41.43,37.77,40.38,41.32,43.99,44.3,0
Serbia,RE share of electricity capacity (%),32.59,32.83,33.29,32.76,33.36,33.41,33.72,33.45,35.26,36.92,37.05,37.23,35.88
Serbia,RE share of electricity generation (%),31.21,22.46,25.27,25.66,32.41,26.43,27.63,25.1,29.17,27.97,26.96,33.11,0
Slovakia,RE share of electricity capacity (%),22.89,27.51,27.75,27.88,29.41,30.63,30.95,31.09,30.56,31.47,30.84,32.12,32.12
Slovakia,RE share of electricity generation (%),21.32,17.45,19.1,22.03,22.73,22.45,24.49,23.55,21.53,23.37,23.78,22.58,0
Slovenia,RE share of electricity capacity (%),35.48,36.23,38.09,39.83,40.67,42.27,39.86,40.88,38.83,39.47,41.02,41.76,41.72
Slovenia,RE share of electricity generation (%),28.89,24.16,27.51,31.74,37.91,28.84,30.65,27.24,32.05,31.3,32.47,34.32,0
Spain,RE share of electricity capacity (%),41.51,42.77,44.18,44.21,44.06,44.69,45.12,46.17,46.52,49.78,52.91,55.86,58.24
Spain,RE share of electricity generation (%),32.43,29.79,29.23,39,39.56,34.56,38.08,31.89,37.86,36.96,43.2,45.84,0
Sweden,RE share of electricity capacity (%),61.4,65.65,64.19,65,65.92,67.7,68.96,70.81,70.78,72.75,71.91,75.8,77.5
Sweden,RE share of electricity generation (%),55.26,55.91,59.02,53.99,55.8,63.23,57.13,57.87,55.79,58.74,68.45,67.37,0
Switzerland,RE share of electricity capacity (%),75.44,75.62,75.68,76.11,76.37,76.66,78.02,78.88,79.18,79.5,79.92,81.73,82.26
Switzerland,RE share of electricity generation (%),55.26,52.64,58.03,57.93,56.69,60.74,59.86,59.86,56.26,57.49,59.46,63.62,0
United Kingdom,RE share of electricity capacity (%),10.28,13.62,16.56,21.39,25.75,31.95,35.33,38.78,41.18,45.17,46.24,47.71,49.53
United Kingdom,RE share of electricity generation (%),6.84,9.57,11.33,14.86,19.1,24.66,24.61,29.3,33.06,37,43.36,39.76,0
Ukraine,RE share of electricity capacity (%),8.2,9.05,9.52,10.29,10.72,10.81,10.71,12.24,14.19,21.74,23.82,25.18,25.18
Ukraine,RE share of electricity generation (%),6.82,5.48,5.65,7.78,5.93,4.76,6.02,7.73,8.57,8.27,11.44,11.44,0
European Union,RE share of electricity capacity (%),32.15,34.82,37.29,38.86,39.96,41.61,43.22,44.6,45.37,47.52,49.66,52,54.11
European Union,RE share of electricity generation (%),21.87,21.95,24.79,27.64,29.27,29.46,29.76,29.56,31.94,33.63,37.96,36.92,0
Middle East,RE share of electricity capacity (%),5.81,5.61,5.84,5.71,5.96,5.64,5.74,5.74,6.2,7,7.25,7.76,8.69
Middle East,RE share of electricity generation (%),2.07,2.32,0.89,2.43,1.96,1.78,2.14,1.93,2.12,3.91,3.49,2.99,0
Bahrain,RE share of electricity capacity (%),0.01,0.01,0.02,0.02,0.1,0.1,0.11,0.11,0.12,0.13,0.14,0.14,0.14
Bahrain,RE share of electricity generation (%),0.01,0.01,0.01,0.01,0.03,0.03,0.03,0.03,0.03,0.03,0.03,0.04,0
Iran (Islamic Republic of),RE share of electricity capacity (%),13.97,13.52,14.26,14.73,14.92,14,14.05,14.38,14.28,14.27,14,13.82,13.77
Iran (Islamic Republic of),RE share of electricity generation (%),4.18,5.12,0.71,5.61,5.14,5.11,5.78,5.02,5.37,9.55,7.01,4.19,0
Iraq,RE share of electricity capacity (%),16.05,13.42,13.42,8.49,9.02,7.42,7.17,6.1,5.85,5.85,5.51,5.29,5.09
Iraq,RE share of electricity generation (%),9.75,7.64,9.55,8.22,4.41,3.79,4.28,2.61,2.64,5.99,5.27,5.27,0
Israel,RE share of electricity capacity (%),0.76,1.58,2.14,3.15,4.22,4.83,5.48,5.97,7.8,11.33,13.45,17.14,20.75
Israel,RE share of electricity generation (%),0.33,0.68,0.82,0.93,1.57,2.06,2.62,2.87,3.08,4.71,6.19,7.62,0
Jordan,RE share of electricity capacity (%),0.54,0.49,0.49,0.51,0.41,3.54,12,14.46,19.22,27.24,33.28,35.29,39.12
Jordan,RE share of electricity generation (%),0.49,0.52,0.42,0.37,0.37,1.21,4.39,6.66,10.56,14.29,20.11,24.22,0
Kuwait,RE share of electricity capacity (%),0,0,0,0.02,0.04,0.04,0.13,0.14,0.25,0.49,0.48,0.48,0.48
Kuwait,RE share of electricity generation (%),0,0,0,0,0.01,0.01,0.07,0.07,0.07,0.08,0.08,0.26,0
Lebanon,RE share of electricity capacity (%),8.77,8.64,8.7,8.12,8.22,8.15,8.65,8.84,9.26,9.77,10.09,14.12,20.83
Lebanon,RE share of electricity generation (%),7.49,7.55,11.17,9.16,1.74,4.17,3.31,3.47,1.98,4.83,5.67,3.49,0
Oman,RE share of electricity capacity (%),0,0,0,0.01,0.01,0.03,0.03,0.1,0.34,0.74,1.68,1.91,6.38
Oman,RE share of electricity generation (%),0,0,0,0.01,0,0.01,0.01,0.04,0.13,0.16,0.43,1.9,0
State of Palestine,RE share of electricity capacity (%),0,0.25,0.43,0.43,2.1,6.98,13.51,18.09,20.14,33.93,42.38,52.69,54.57
State of Palestine,RE share of electricity generation (%),0,0,0.22,0.37,0.88,1.8,7.91,8.35,14.33,15.17,21.27,24.46,0
Qatar,RE share of electricity capacity (%),0,0.22,0.22,0.24,0.26,0.26,0.28,0.24,0.23,0.23,0.23,0.23,7.22
Qatar,RE share of electricity generation (%),0,0.03,0.03,0.23,0.28,0.3,0.31,0.3,0.3,0.25,0.29,0.27,0
Saudi Arabia,RE share of electricity capacity (%),0,0.01,0.03,0.04,0.04,0.04,0.03,0.05,0.11,0.15,0.14,0.53,0.53
Saudi Arabia,RE share of electricity generation (%),0,0,0.01,0.01,0.01,0.01,0.01,0.02,0.06,0.07,0.07,0.07,0
Syrian Arab Republic,RE share of electricity capacity (%),10.44,10.44,10.44,10.44,15.42,16.5,16.04,15.37,14.89,14.9,14.89,15.07,15.29
Syrian Arab Republic,RE share of electricity generation (%),5.65,7.89,10.48,11.69,9.95,2.31,5.19,3.73,2.98,2.96,3.14,3.28,0
United Arab Emirates,RE share of electricity capacity (%),0.05,0.05,0.05,0.44,0.46,0.46,0.47,1.15,1.9,5.83,6.63,8.32,9.38
United Arab Emirates,RE share of electricity generation (%),0.02,0.02,0.02,0.08,0.26,0.24,0.25,0.56,0.89,2.65,3.78,4.19,0
Yemen,RE share of electricity capacity (%),0.06,0.08,0.09,0.16,0.33,3.8,5,6.17,14.12,13.45,13.57,12.83,12.83
Yemen,RE share of electricity generation (%),0.03,0.04,0.04,0.05,0.11,2.02,3.23,4.78,13.89,14.78,16.88,16.88,0
North America,RE share of electricity capacity (%),18.83,19.47,20.83,21.61,22.45,24.02,25.46,26.39,27.18,28.62,30.48,32.32,33.85
North America,RE share of electricity generation (%),16.29,18.35,18.31,19.07,19.43,19.64,21.07,22.98,22.54,23.27,25.47,25.56,0
Canada,RE share of electricity capacity (%),61.22,62.54,63.35,64.68,65.49,66.3,66.45,66.87,67.51,67.5,67.49,69.14,69.43
Canada,RE share of electricity generation (%),61.26,62.47,63.64,64.06,63.16,64.06,64.9,66.54,65.92,65.84,67.09,67.45,0
Greenland,RE share of electricity capacity (%),39.43,39.43,48.75,48.75,48.75,48.75,48.75,48.75,48.8,48.8,48.86,48.93,48.93
Greenland,RE share of electricity generation (%),64.14,65.79,65.66,72.93,73.91,75.33,75.29,71.25,72.56,74.97,74.33,77.04,0
Mexico,RE share of electricity capacity (%),21.84,21.57,23.06,23.71,25.08,25.72,26.23,26.51,24.35,28.08,29.88,30.48,31.19
Mexico,RE share of electricity generation (%),16.61,14.89,13.79,13.3,17.53,15.29,15.28,16.03,15.6,16.53,21.27,21.07,0
Saint Pierre and Miquelon,RE share of electricity capacity (%),2.28,2.28,2.28,2.28,2.28,0,0,0,0,0,0,0,0
Saint Pierre and Miquelon,RE share of electricity generation (%),2.31,2.5,2,2.13,0.06,0,0,0,0,0,0,0,0
United States of America,RE share of electricity capacity (%),13.25,13.91,15.39,16.06,16.81,18.24,19.88,20.96,22.04,23.5,25.67,27.75,29.49
United States of America,RE share of electricity generation (%),10.06,12.16,11.95,12.58,12.92,13.17,14.74,16.75,16.68,17.47,19.42,19.8,0
Oceania,RE share of electricity capacity (%),25.51,27.03,28.71,30.21,31.21,30.35,31.92,34.34,38.05,42.14,45.46,48.02,49.28
Oceania,RE share of electricity generation (%),18.65,20.42,20.06,22.49,24.36,23.45,24.71,25.25,26.66,28.59,30.66,34.26,0
American Samoa,RE share of electricity capacity (%),0,0,6.6,6.6,6.6,6.6,10.56,9.71,11.5,10.8,10.8,10.8,9.34
American Samoa,RE share of electricity generation (%),0,0.17,0.9,1.55,1.5,1.52,1.83,4.59,4.75,4.28,3.87,3.89,0
Australia,RE share of electricity capacity (%),18.49,20.48,22.53,24.26,25.52,24.75,26.38,29.12,33.78,38.77,42.89,45.79,47.25
Australia,RE share of electricity generation (%),8.6,10.35,10.49,13.11,14.59,13.29,14.48,15.58,17.02,19.57,22.45,26.5,0
Cook Islands,RE share of electricity capacity (%),0.45,0.45,0.45,5.28,11.59,17.61,14.1,14.1,20.85,23.29,23.29,23.29,23.29
Cook Islands,RE share of electricity generation (%),0.22,0.23,0.23,2.9,4.4,10.55,13.63,15.99,24.22,25.06,26.21,21.14,0
Fiji,RE share of electricity capacity (%),56.18,56.18,62.58,61.26,61.33,55.88,56.13,57.89,57.95,55.1,55.13,56.05,56.1
Fiji,RE share of electricity generation (%),51.32,58.02,64.98,61.21,49.22,47.83,53.82,51.25,58.34,54.48,54.55,60.07,0
French Polynesia,RE share of electricity capacity (%),19.38,21.8,22.52,23.48,25.57,26.42,27.36,28.31,28.84,29.7,30.54,30.18,30.18
French Polynesia,RE share of electricity generation (%),30.52,27.47,25.71,25.69,29.12,29.74,31.54,30.91,29.32,28.89,30.41,23.73,0
Guam,RE share of electricity capacity (%),0.02,0.02,0.06,0.15,0.27,6.13,7.42,6.95,7.26,8.7,9.02,9.35,19.99
Guam,RE share of electricity generation (%),0.01,0.01,0.03,0.09,0.15,1.8,3.82,3.57,4.29,4.47,4.7,4.8,0
Kiribati,RE share of electricity capacity (%),6.44,6.74,7.31,7.37,10.55,26.24,30.6,30.6,32.94,32.94,32.94,32.94,32.94
Kiribati,RE share of electricity generation (%),2.97,3.2,3.37,3.53,6.22,16.18,18.6,16.91,17.89,16.37,16.37,16.37,0
Marshall Islands,RE share of electricity capacity (%),1.08,1.11,1.44,2.04,3.46,3.46,5.36,5.55,5.6,5.6,5.6,5.6,5.81
Marshall Islands,RE share of electricity generation (%),0.56,0.57,0.73,1.04,1.72,1.73,2.14,2.4,2.43,2.43,2.43,2.43,0
Micronesia (Federated States of),RE share of electricity capacity (%),1.81,1.81,1.81,2.19,5.73,6.73,7.72,7.1,9.85,10.27,10.27,10.27,10.27
Micronesia (Federated States of),RE share of electricity generation (%),1.08,1.27,1.09,1.45,3.41,4.63,6.33,6.38,6.29,6.6,6.19,4.95,0
Nauru,RE share of electricity capacity (%),0.37,0.37,0.7,2.08,1.76,1.76,5.72,4.06,4.67,9.28,9.3,10.91,11.77
Nauru,RE share of electricity generation (%),0.13,0.13,0.19,0.64,0.75,0.66,0.8,3.13,3.09,3.86,6.71,9.83,0
New Caledonia,RE share of electricity capacity (%),21.76,21.78,21.23,18.24,12.93,13.11,13.41,14.97,16.03,18.99,20.85,23.13,23.83
New Caledonia,RE share of electricity generation (%),15,18.84,20.09,20.51,11.67,14.09,9.23,13.45,11.75,13.74,15.6,22.48,0
New Zealand,RE share of electricity capacity (%),70.42,69.42,70.54,72.66,73.2,76.23,77.63,77.69,77.77,77.85,77.09,77.71,77.86
New Zealand,RE share of electricity generation (%),73.4,76.32,72.2,74.69,79.51,80.46,84.56,81.51,83.65,82.02,80.43,81.44,0
Niue,RE share of electricity capacity (%),2.57,2.57,2.57,2.57,14.06,14.06,14.06,14.06,14.06,31.11,31.11,31.11,31.11
Niue,RE share of electricity generation (%),2.26,2.17,2.13,2.12,14.53,13.83,13.83,13.83,13.83,13.83,13.83,13.83,0
Palau,RE share of electricity capacity (%),0.74,1.46,1.67,1.87,3.41,3.41,6.16,6.16,8.01,8.87,9.8,13.89,13.89
Palau,RE share of electricity generation (%),0.42,0.85,1.16,1.26,1.84,1.84,3.26,3.36,3.93,3.83,4.38,5.13,0
Papua New Guinea,RE share of electricity capacity (%),39.81,35.03,35.56,35.52,34.5,34.84,34.74,33.67,33.67,31.89,30.57,30.6,30.81
Papua New Guinea,RE share of electricity generation (%),52.11,49.17,49.3,47.94,46.15,44.26,42.62,42.65,40.53,46.28,44.66,53.1,0
Samoa,RE share of electricity capacity (%),34.88,33.9,26.67,22.24,28.38,31.02,34.52,45.67,45.82,47.27,47.98,47.98,47.98
Samoa,RE share of electricity generation (%),36.24,28.3,30.75,27.01,25.92,29.75,31.39,36.06,42.61,40.58,47.56,49.14,0
Solomon Islands,RE share of electricity capacity (%),1.45,3.07,3.06,2.88,3.96,4.77,6.43,6.71,6.55,6.36,6.36,6.36,9.17
Solomon Islands,RE share of electricity generation (%),3.17,4.87,4.85,5.28,6.37,6.89,7.55,7.81,6.41,6.65,6.6,6.56,0
Tokelau,RE share of electricity capacity (%),12.73,12.73,86.85,86.85,86.85,86.85,87.85,87.85,87.85,88,88,88,88
Tokelau,RE share of electricity generation (%),2.68,2.52,61.41,91.43,92.11,92.11,92.11,92.74,92.11,92.11,92.11,92.11,0
Tonga,RE share of electricity capacity (%),0.95,2.33,13.63,17.19,14.47,19.16,22.46,30.07,30.95,34.75,34.75,31.18,46.33
Tonga,RE share of electricity generation (%),0.31,0.31,2.22,5.31,6.78,7.89,8.43,9.32,10.87,12.71,14.22,14.2,0
Tuvalu,RE share of electricity capacity (%),3.81,3.86,3.86,3.86,5,28.1,41.48,41.53,41.65,41.65,42.45,42.45,42.45
Tuvalu,RE share of electricity generation (%),1.41,1.39,1.5,3.16,2.84,11.56,23.63,23.32,19.24,19.15,15.81,15.81,0
Vanuatu,RE share of electricity capacity (%),15.11,22.68,22.6,22.68,25.67,25.93,28.78,29.95,35.51,34.66,34.34,34.31,34.39
Vanuatu,RE share of electricity generation (%),17.78,16.28,22.87,33.81,25.52,29.8,21.04,20.72,23.44,27.32,28.78,25.49,0
South America,RE share of electricity capacity (%),64.85,64.82,64.01,62.41,63,63.41,63.97,65.87,66.78,67.34,67.63,68.45,69.84
South America,RE share of electricity generation (%),70.34,72.3,68.13,64.69,63.2,62.83,65.59,67.59,69.34,69.57,71.77,69.33,0
Argentina,RE share of electricity capacity (%),33.28,33.62,32.84,29.83,28.68,27.54,26.65,29.31,29.4,31.48,33.14,34.59,34.79
Argentina,RE share of electricity generation (%),27.98,25.75,23.56,25.81,25.18,23.88,22.15,24.06,24.7,26.29,26.53,26.74,0
Bolivia (Plurinational State of),RE share of electricity capacity (%),33.71,33.6,30.59,30.21,28.74,28.54,29.03,32.21,37.03,30.65,30.52,32.03,32.45
Bolivia (Plurinational State of),RE share of electricity generation (%),29.97,31.99,30.01,30.95,26.41,28.12,20.59,24.98,29.82,36.41,35.7,38.25,0
Brazil,RE share of electricity capacity (%),79.03,79.33,79.46,78.76,79.48,80.01,80.79,81.41,83.17,83.29,82.99,83.33,84.33
Brazil,RE share of electricity generation (%),84.8,87.19,82.56,76.83,73.28,74.21,80.47,79.25,82.36,81.39,83.17,77.37,0
Chile,RE share of electricity capacity (%),38.85,40.59,40.82,42.71,43.85,45.03,43.6,47.95,48.73,49.46,52.21,55.58,59.74
Chile,RE share of electricity generation (%),40.57,39.71,36.65,35.87,43.02,43.62,43.37,44.01,46.28,45.94,48.74,48.89,0
Colombia,RE share of electricity capacity (%),68.26,67.64,68.07,68.08,70.51,70,70.04,70.19,68.72,68.57,68.87,67.95,68.84
Colombia,RE share of electricity generation (%),64.07,74.75,71.84,65.15,63.35,61.36,64.67,78.34,74.45,69.83,65.02,75.38,0
Ecuador,RE share of electricity capacity (%),45.67,45.13,43.41,43.45,42.57,43.27,56.4,58.56,60.8,60.76,60.82,60.34,61.12
Ecuador,RE share of electricity generation (%),45.49,55.56,54.87,48.99,49.18,52.56,60.21,73.69,72.58,78.14,79.74,81,0
Falkland Islands (Malvinas),RE share of electricity capacity (%),16.77,16.77,16.77,16.77,16.77,15.56,15.56,15.56,15.56,30.78,19.91,19.91,19.91
Falkland Islands (Malvinas),RE share of electricity generation (%),25.64,31.61,33.13,31.88,30.95,33.95,35.43,32.8,35.05,33.53,31.97,26.44,0
French Guiana,RE share of electricity capacity (%),55.51,58.06,58.13,58.17,54.19,53.2,50.63,47.75,47.76,48.23,47.57,47.57,47.57
French Guiana,RE share of electricity generation (%),56.46,60.6,68.9,60.19,60.27,58.94,54.03,66.85,63.6,49.3,52.09,69.08,0
Guyana,RE share of electricity capacity (%),15.58,15.69,15.7,14.89,15.7,17.41,15.77,15.08,14.91,14.83,14.63,12.97,12.97
Guyana,RE share of electricity generation (%),9.77,9.37,7.23,8.45,7.84,6.74,7.84,7.82,7.92,7.11,7.23,7.11,0
Paraguay,RE share of electricity capacity (%),99.93,99.93,99.93,99.83,99.83,99.83,99.99,99.99,99.99,99.7,99.7,99.7,99.71
Paraguay,RE share of electricity generation (%),100,100,99.99,99.99,99.99,100,100,100,100,100,100,100,0
Peru,RE share of electricity capacity (%),40.84,42.66,39.73,35.63,37.34,39.34,40.33,40.72,41.52,42.5,42.69,43.02,42.11
Peru,RE share of electricity generation (%),57.21,56.87,56.58,53.45,50.89,51.73,50.02,58.31,60.89,60.51,64.38,61.67,0
South Georgia and S Sandwich Islands,RE share of electricity capacity (%),57.4,57.4,57.4,57.4,57.4,57.4,57.4,57.4,57.4,57.4,57.4,57.4,57.4
South Georgia and S Sandwich Islands,RE share of electricity generation (%),100,100,100,100,100,94.49,93.22,95.94,98.6,98.96,98.96,100,0
Suriname,RE share of electricity capacity (%),42.84,42.85,42.9,37.36,35.56,35.56,35.62,35.74,35.82,35.82,35.36,32.79,33.09
Suriname,RE share of electricity generation (%),59.68,72.47,54.9,53.85,35.19,28.73,43.38,51.59,56.19,51.35,39.49,53.68,0
Uruguay,RE share of electricity capacity (%),67.31,67.5,63.07,59.15,65.69,72.36,83.45,81.76,75.8,76,76.02,76.06,76.12
Uruguay,RE share of electricity generation (%),89.14,74.6,64.62,84.05,94.39,92.99,96.65,98.26,97.32,98.04,93.92,84.53,0
Venezuela (Bolivarian Republic of),RE share of electricity capacity (%),55.82,54.05,50.5,47.33,47.07,47.45,48.76,48.82,48.82,49.14,48.68,48.68,48.68
Venezuela (Bolivarian Republic of),RE share of electricity generation (%),67.48,70.9,63.3,60.77,60.71,58.19,53.36,58.36,58.35,60.19,84.24,84.24,0